{
    "getEstates": {
        "title": "REALITY V ALBÁNII",
        "subtitle": "Kupte si nemovitost u moře a získejte POVOLENÍ K POBYTU",
        "buttonText": "Získejte bezplatný výběr",
        "features": [
            "Pomoc při výběru a nákupu nemovitého majetku",
            "Opravy, interiérový design a zařizování",
            "Pronájem a správa vaší nemovitosti"
        ]
    },
    "albaniaMap": {
        "title": "PROČ ALBÁNIE?",
        "features": [
            "Dostupné nemovitosti na Jaderském a Jónském moři",
            "Zařazeno mezi NEJBEZPEČNĚJŠÍ země v Evropě",
            "Příznivé klima a 300 slunečních dní v roce",
            "Ekologicky čisté potraviny",
            "Nejprogresivnější rezidenční program v Evropě"
        ]
    },
    "tour": {
        "title": "Investiční zájezd do Albánie",
        "description": "Bezplatná úvodní prohlídka nemovitostí v Albánii",
        "steps": [
            {
                "number": "01.",
                "title": "5denní zájezd",
                "description": "Prohlídky a procházky po městě. Prohlídka škol a univerzit"
            },
            {
                "number": "02.",
                "title": "Pohodlná data pro vás"
            },
            {
                "number": "03.",
                "title": "Setkání na letišti"
            },
            {
                "number": "04.",
                "title": "Přeprava letiště/hotel/letiště",
                "description": "Poradenství ohledně uzavření smlouvy"
            },
            {
                "number": "05.",
                "title": "Prohlídka nemovitostí",
                "description": "Právní služby. Získání povolení k pobytu. Otevření bankovního účtu"
            }
        ]
    },
    "investForm": {
        "formTitle": "Přihláška",
        "formDescription": "Zanechte přihlášku a náš odborník vás kontaktuje",
        "nameLabel": "Jméno",
        "phoneLabel": "Telefonní číslo",
        "submitButtonText": "Odeslat přihlášku",
        "invalidPhone": "Telefon musí začínat znakem + a mít minimálně 7 číslic.",
        "invalidName": "Jméno musí obsahovat minimálně 2 písmena."
    },
    "contacts": {
        "logoAltText": "Logo",
        "realEstateText": "Nemovitosti",
        "investmentTourText": "Investiční zájezd",
        "regionsText": "Regiony Albánie",
        "phoneIcon": {
            "icon": "phone",
            "number": "+380 93 512 85 47"
        },
        "locationIcon": {
            "icon": "location",
            "address": "Durrës, Albánie",
            "mapLink": "https://maps.app.goo.gl/yjVAhm7VPZNqnm3x7"
        }
    },
    "footer": {
        "subscribeTitle": "Přihlaste se a buďte informováni o aktuálních událostech ve světě nemovitostí v Albánii!",
        "socialMedia": [
            {
                "icon": "whatsapp",
                "link": "https://wa.me/qr/XXBDREVA66NMP1",
                "color": "#25D366"
            },
            {
                "icon": "telegram",
                "link": "https://www.t.me/real_estate_al",
                "color": "#229ED9"
            },
            {
                "icon": "facebook",
                "link": "https://www.facebook.com/profile.php?id=100069581861273&mibextid=9R9pXO",
                "color": "#1877F2"
            }
        ],
        "subscriptionBenefits": [
            "Zprávy o realitním trhu v Albánii",
            "Oznámení o nových prodejích",
            "Přístup k exkluzivním nemovitostem ve fázi předprodeje",
            "Investiční návrhy"
        ],
        "youtubeLink": "https://youtube.com/@albania_gid",
        "tiktokLink": "https://www.tiktok.com/@real_estate_albania",
        "we": "Jsme na"
    },
    "investModal": {
        "thanks": "Děkujeme za váš požadavek, brzy vás budeme kontaktovat!",
        "close": "Zavřít"
    }
}