{
    "getEstates": {
        "title": "НЕДВИЖИМОСТЬ В АЛБАНИИ",
        "subtitle": "Приобретите собственность у моря и получите ВИД НА ЖИТЕЛЬСТВО",
        "buttonText": "Получить бесплатный подбор",
        "features": [
            "Помощь в подборе и приобретении недвижимого актива",
            "Ремонт, обстановка и меблирование",
            "Аренда и управление вашей собственностью"
        ]
    },
    "albaniaMap": {
        "title": "Почему АЛБАНИЯ?",
        "features": [
            "Не дорогая недвижимость на Адриатическом и Ионическом морях",
            "Входит в ТОП  безопасных стран Европы",
            "Благоприятный климат и 300 солнечных дней в году",
            "Экологически чистые продукты питания",
            "Самая прогрессивная в Европе программа для получения ВНЖ"
        ]
    },
    "tour": {
        "title": "Инвестиционный тур в Албанию",
        "description": "Бесплатный ознакомительный тур по недвижимости в Албании",
        "steps": [
            {
                "number": "01.",
                "title": "Тур до 5 дней",
                "description": "Экскурсии и прогулки по городу. Осмотр школ и университетов"
            },
            {
                "number": "02.",
                "title": "Удобные для Вас даты"
            },
            {
                "number": "03.",
                "title": "Встреча в аэропорту"
            },
            {
                "number": "04.",
                "title": "Трансфер аэропорт/отель/аэропорт",
                "description": "Консультация по оформлению сделки"
            },
            {
                "number": "05.",
                "title": "Просмотр обьектов недвижимости",
                "description": "Услуги адвоката. Получение вида на жительство. Открытие банковского счета"
            }
        ]
    },
    "investForm": {
        "formTitle": "Форма заявки",
        "formDescription": "Оставьте заявку и наш эксперт свяжется с Вами",
        "nameLabel": "Имя",
        "phoneLabel": "Телефон с кодом страны",
        "submitButtonText": "Отправить заявку",
        "invalidPhone": "Телефон должен начинаться с + и иметь как минимум 7 цифр.",
        "invalidName": "Имя должно состоять из хотя бы 2 букв."
    },
    "contacts": {
        "logoAltText": "Logo",
        "realEstateText": "Недвижимость",
        "investmentTourText": "Инвестиционный Тур",
        "regionsText": "Города Албании",
        "phoneIcon": {
            "icon": "phone",
            "number": "+380 93 512 85 47"
        },
        "locationIcon": {
            "icon": "location",
            "address": "Durrës, Albania",
            "mapLink": "https://maps.app.goo.gl/yjVAhm7VPZNqnm3x7"
        }
    },
    "footer": {
        "subscribeTitle": "Подпишитесь и будьте в курсе актуальных событий в мире недвижимости Албании!",
        "socialMedia": [
            {
                "icon": "whatsapp",
                "link": "https://wa.me/qr/XXBDREVA66NMP1",
                "color": "#25D366"
            },
            {
                "icon": "telegram",
                "link": "https://www.t.me/real_estate_al",
                "color": "#229ED9"
            },
            {
                "icon": "facebook",
                "link": "https://www.facebook.com/profile.php?id=100069581861273&mibextid=9R9pXO",
                "color": "#1877F2"
            }
        ],
        "subscriptionBenefits": [
            "Новости рынка недвижимости Албании",
            "Оповещения о новых стартах продаж",
            "Доступ к эксклюзивным объектам на этапе pre-sale",
            "Инвестиционные предложения"
        ],
        "youtubeLink": "https://youtube.com/@albania_gid",
        "tiktokLink": "https://www.tiktok.com/@real_estate_albania"
    },
    "investModal": {
        "thanks": "Спасибо за запрос, мы свяжемся с Вами в ближайшее время!",
        "close": "Закрыть"
    }
}