{
    "getEstates": {
        "title": "НЕРУХОМІСТЬ В АЛБАНІЇ",
        "subtitle": "Придбайте власність біля моря та отримайте ВИД НА ПРОЖИВАННЯ",
        "buttonText": "Отримати безкоштовний підбір",
        "features": [
            "Допомога в підборі та придбанні нерухомого активу",
            "Ремонт, обладнання та обставини",
            "Оренда та управління вашою власністю"
        ]
    },
    "albaniaMap": {
        "title": "Чому АЛБАНІЯ?",
        "features": [
            "Доступне житло на Адріатичному та Іонічному морях",
            "Увійшов до ТОП безпечних країн Європи",
            "Сприятливий клімат і 300 сонячних днів на рік",
            "Екологічно чисті продукти харчування",
            "Найпрогресивніша програма резиденції в Європі"
        ]
    },
    "tour": {
        "title": "Інвестиційний тур в Албанію",
        "description": "Безкоштовний ознайомчий тур по нерухомості в Албанії",
        "steps": [
            {
                "number": "01.",
                "title": "5-денний тур",
                "description": "Екскурсії та прогулянки по місту. Огляд шкіл і університетів"
            },
            {
                "number": "02.",
                "title": "Зручні для вас дати"
            },
            {
                "number": "03.",
                "title": "Зустріч в аеропорту"
            },
            {
                "number": "04.",
                "title": "Трансфер аеропорт/готель/аеропорт",
                "description": "Консультації з укладення угоди"
            },
            {
                "number": "05.",
                "title": "Огляд об'єктів нерухомості",
                "description": "Послуги адвоката. Отримання виду на життя. Відкриття банківського рахунку"
            }
        ]
    },
    "investForm": {
        "formTitle": "Форма заявки",
        "formDescription": "Залиште заявку, і наш експерт зв'яжеться з Вами",
        "nameLabel": "Ім'я",
        "phoneLabel": "Телефон",
        "submitButtonText": "Надіслати заявку",
        "invalidPhone": "Номер телефону повинен починатися з + та мати принаймні 7 цифр.",
        "invalidName": "Ім'я повинно складатися з принаймні 2 літер."
    },
    "contacts": {
        "logoAltText": "Логотип",
        "realEstateText": "Нерухомість",
        "investmentTourText": "Інвестиційний Тур",
        "regionsText": "Райони Албанії",
        "phoneIcon": {
            "icon": "телефон",
            "number": "+380 93 512 85 47"
        },
        "locationIcon": {
            "icon": "локація",
            "address": "Дуррес, Албанія",
            "mapLink": "https://maps.app.goo.gl/yjVAhm7VPZNqnm3x7"
        }
    },
    "footer": {
        "subscribeTitle": "Підпишіться і будьте в курсі актуальних подій у світі нерухомості Албанії!",
        "socialMedia": [
            {
                "icon": "whatsapp",
                "link": "https://wa.me/qr/XXBDREVA66NMP1",
                "color": "#25D366"
            },
            {
                "icon": "telegram",
                "link": "https://www.t.me/real_estate_al",
                "color": "#229ED9"
            },
            {
                "icon": "facebook",
                "link": "https://www.facebook.com/profile.php?id=100069581861273&mibextid=9R9pXO",
                "color": "#1877F2"
            }
        ],
        "subscriptionBenefits": [
            "Новини ринку нерухомості Албанії",
            "Оповіщення про нові стартапи продажів",
            "Доступ до ексклюзивних об'єктів на етапі pre-sale",
            "Інвестиційні пропозиції"
        ],
        "youtubeLink": "https://youtube.com/@albania_gid",
        "tiktokLink": "https://www.tiktok.com/@real_estate_albania",
        "we": "Ми в"
    },
    "investModal": {
        "thanks": "Дякуємо за запит, ми зв'яжемося з Вами найближчим часом!",
        "close": "Закрити"
    }
}